{
  "generatedAt": "2026-03-05T19:25:09.868Z",
  "user": "perf_1772738709436@example.com",
  "imported": null,
  "inventory": {
    "samples": [
      1.2165,
      1.1491,
      1.0145,
      0.937,
      0.9987,
      1.1662
    ],
    "avgMs": 1.0803333333333334,
    "p95Ms": 1.2165
  },
  "search": {
    "samples": [
      1.0362,
      0.8684,
      0.8689,
      0.7531,
      0.7624,
      0.764
    ],
    "avgMs": 0.8421666666666666,
    "p95Ms": 1.0362
  }
}